# restart
SELECT @@global.temptable_max_mmap;
@@global.temptable_max_mmap
1073741824
SET @@session.temptable_max_mmap=1073741824;
ERROR HY000: Variable 'temptable_max_mmap' is a GLOBAL variable and should be set with SET GLOBAL
SET @@global.temptable_max_mmap=NONE;
ERROR 42000: Incorrect argument type to variable 'temptable_max_mmap'
# Test with temptable_max_mmap set to 0
# to stop overflowing temptable to disk
SET @@global.temptable_max_mmap=0;
SELECT @@global.temptable_max_mmap;
@@global.temptable_max_mmap
0
SELECT count_alloc > 0
FROM performance_schema.memory_summary_global_by_event_name
WHERE event_name = 'memory/temptable/physical_disk';
count_alloc > 0
0
CREATE TABLE t (c VARCHAR(128));
INSERT INTO t VALUES
(REPEAT('a', 128)),
(REPEAT('b', 128)),
(REPEAT('c', 128)),
(REPEAT('d', 128));
ANALYZE TABLE t;
Table	Op	Msg_type	Msg_text
test.t	analyze	status	OK
SET GLOBAL temptable_max_ram = 2097152;
SELECT * FROM
t AS t1,
t AS t2,
t AS t3,
t AS t4,
t AS t5,
t AS t6
ORDER BY 1
LIMIT 2;
SET GLOBAL temptable_max_ram = 1073741824;
SELECT count_alloc > 0
FROM performance_schema.memory_summary_global_by_event_name
WHERE event_name = 'memory/temptable/physical_disk';
count_alloc > 0
0
DROP TABLE t;
# Test with temptable_max_mmap set to nonzero
# to enable overflowing temptable to disk
SET @@global.temptable_max_mmap = 1073741824;
SELECT @@global.temptable_max_mmap;
@@global.temptable_max_mmap
1073741824
CREATE TABLE t (c LONGBLOB);
INSERT INTO t VALUES
(REPEAT('a', 128)),
(REPEAT('b', 128)),
(REPEAT('c', 128)),
(REPEAT('d', 128));
ANALYZE TABLE t;
Table	Op	Msg_type	Msg_text
test.t	analyze	status	OK
SET GLOBAL temptable_max_ram = 2097152;
SELECT * FROM
t AS t1,
t AS t2,
t AS t3,
t AS t4,
t AS t5,
t AS t6
ORDER BY 1
LIMIT 2;
SET GLOBAL temptable_max_ram = 1073741824;
SET GLOBAL temptable_max_mmap = 0;
SELECT @@global.temptable_max_mmap;
@@global.temptable_max_mmap
0
SELECT count_alloc > 0
FROM performance_schema.memory_summary_global_by_event_name
WHERE event_name = 'memory/temptable/physical_disk';
count_alloc > 0
1
DROP TABLE t;
CREATE TABLE t (c LONGBLOB);
INSERT INTO t VALUES
(REPEAT('a', 128)),
(REPEAT('b', 128)),
(REPEAT('c', 128)),
(REPEAT('d', 128));
ANALYZE TABLE t;
Table	Op	Msg_type	Msg_text
test.t	analyze	status	OK
SET GLOBAL temptable_max_ram = 2*1024*1024;
SET GLOBAL temptable_max_mmap = 4*1024*1024;
SELECT * FROM
t AS t1,
t AS t2,
t AS t3,
t AS t4,
t AS t5,
t AS t6
ORDER BY 1
LIMIT 2;
SELECT sum_number_of_bytes_alloc >= 2*1024*1024
FROM performance_schema.memory_summary_global_by_event_name
WHERE event_name = 'memory/temptable/physical_ram';
sum_number_of_bytes_alloc >= 2*1024*1024
1
SELECT sum_number_of_bytes_alloc = 4*1024*1024 + 64
FROM performance_schema.memory_summary_global_by_event_name
WHERE event_name = 'memory/temptable/physical_disk';
sum_number_of_bytes_alloc = 4*1024*1024 + 64
1
DROP TABLE t;
SET GLOBAL temptable_max_ram = 1073741824;
SET GLOBAL temptable_max_mmap = 1073741824;
