select @@lower_case_table_names;
@@lower_case_table_names
1
# Test 1: With Hash partitions
CREATE TABLE t1 (c1 INT) ENGINE = InnoDB
PARTITION BY HASH (c1) PARTITIONS 3;
INSERT INTO t1 VALUES (1),(2),(3),(4),(5),(6);
SELECT c1 FROM t1 ORDER BY c1;
c1
1
2
3
4
5
6
FLUSH TABLES t1 FOR EXPORT;
backup: t1#p#p0
backup: t1#p#p1
backup: t1#p#p2
UNLOCK TABLES;
DROP TABLE t1;
CREATE TABLE t1 (c1 INT) ENGINE = InnoDB
PARTITION BY HASH (c1) PARTITIONS 3;
ALTER TABLE t1 DISCARD TABLESPACE;
restore: t1#p#p0 .ibd and .cfg files
restore: t1#p#p1 .ibd and .cfg files
restore: t1#p#p2 .ibd and .cfg files
ALTER TABLE t1 IMPORT TABLESPACE;
SELECT * FROM t1 ORDER BY c1;
c1
1
2
3
4
5
6
DROP TABLE t1;
# Test 2 With range partitions/subpartitions with mixed cases partiton names
create table t1 (f1 int ,f2 int) partition by range (f1)
subpartition by key (f2)
(
partition ABCdef values less than (10) (
subpartition SUB_ABCdef0,
subpartition SUB_abcdef1
),
partition ABC values less than (50) (
subpartition SUB_ABC0,
subpartition SUB_abc1
) ,
partition def values less than (100) (
subpartition sub_def0,
subpartition SUB_DEF1
));
insert into t1 values (90,10) ,(40,78) ,(5,76);
SELECT * from t1 order by f1;
f1	f2
5	76
40	78
90	10
FLUSH TABLES t1 FOR EXPORT;
backup: t1#p#abcdef#sp#sub_abcdef0
backup: t1#p#abcdef#sp#sub_abcdef1
backup: t1#p#abc#sp#sub_abc0
backup: t1#p#abc#sp#sub_abc1
backup: t1#p#def#sp#sub_def0
backup: t1#p#def#sp#sub_def1
unlock tables;
drop table t1;
create table t1 (f1 int ,f2 int) partition by range (f1)
subpartition by key (f2)
(
partition ABCdef values less than (10) (
subpartition SUB_ABCdef0,
subpartition SUB_abcdef1
),
partition ABC values less than (50) (
subpartition SUB_ABC0,
subpartition SUB_abc1
) ,
partition def values less than (100) (
subpartition sub_def0,
subpartition SUB_DEF1
));
ALTER TABLE t1 DISCARD TABLESPACE;
restore: t1#p#abcdef#sp#sub_abcdef0 .ibd and .cfg files
restore: t1#p#abcdef#sp#sub_abcdef1 .ibd and .cfg files
restore: t1#p#abc#sp#sub_abc0 .ibd and .cfg files
restore: t1#p#abc#sp#sub_abc1 .ibd and .cfg files
restore: t1#p#def#sp#sub_def0 .ibd and .cfg files
restore: t1#p#def#sp#sub_def1 .ibd and .cfg files
ALTER TABLE t1 IMPORT TABLESPACE;
SELECT * FROM t1 ORDER BY f1;
f1	f2
5	76
40	78
90	10
DROP TABLE t1;
# Test 3 : With encryption
# ----------------------------------------------------------------------
# Setup
# Creating local configuration file for keyring component: component_keyring_file
# Creating manifest file for current MySQL server instance
# Re-starting mysql server with manifest file
# ----------------------------------------------------------------------
CREATE TABLE t1 (c1 INT) ENGINE = InnoDB ENCRYPTION='Y'
PARTITION BY RANGE (c1) ( PARTITION ABC VALUES LESS THAN (10));
INSERT INTO t1 VALUES (1),(2),(3),(4),(5),(6);
SELECT c1 FROM t1 ORDER BY c1;
c1
1
2
3
4
5
6
FLUSH TABLES t1 FOR EXPORT;
backup: t1#p#abc
UNLOCK TABLES;
DROP TABLE t1;
CREATE TABLE t1 (c1 INT) ENGINE = InnoDB ENCRYPTION='Y'
PARTITION BY RANGE (c1) ( PARTITION ABC VALUES LESS THAN (10));
ALTER TABLE t1 DISCARD TABLESPACE;
restore: t1#p#abc .ibd and .cfg files
ALTER TABLE t1 IMPORT TABLESPACE;
SELECT * FROM t1 ORDER BY c1;
c1
1
2
3
4
5
6
DROP TABLE t1;
# Restarting server without keyring to restore server state
# ----------------------------------------------------------------------
# Teardown
# Removing manifest file for current MySQL server instance
# Removing local keyring file for keyring component: component_keyring_file
# Removing local configuration file for keyring component: component_keyring_file
# Restarting server without the manifest file
# ----------------------------------------------------------------------
Test 4 : Missing cfg file
CREATE TABLE t1 (c1 INT) ENGINE = InnoDB
PARTITION BY RANGE (c1) ( PARTITION ABCD VALUES LESS THAN (10));
INSERT INTO t1 VALUES (1),(2),(3),(4),(5),(8);
SELECT c1 FROM t1 ORDER BY c1;
c1
1
2
3
4
5
8
FLUSH TABLES t1 FOR EXPORT;
UNLOCK TABLES;
DROP TABLE t1;
CREATE TABLE t1 (c1 INT) ENGINE = InnoDB
PARTITION BY RANGE (c1) ( PARTITION ABCD VALUES LESS THAN (10));
ALTER TABLE t1 DISCARD TABLESPACE;
restore: t1#p#abcd .ibd file
ALTER TABLE t1 IMPORT TABLESPACE;
Warnings:
Warning	1810	InnoDB: IO Read error: (2, No such file or directory) Error opening './test/t1#p#abcd.cfg', will attempt to import without schema verification
SELECT * FROM t1 ORDER BY c1;
c1
1
2
3
4
5
8
DROP TABLE t1;
